2024-07-15 22:14:38, c065e1a9-fe06-4cde-a0cb-7d38dc42c372, 200, 1.498
2024-07-15 22:14:53, a82d8d49-ef93-4de1-8a6c-0e731751143a, 200, 1.752
2024-07-15 22:15:17, f381f65b-7545-4798-aaf7-2d47b72b6ff3, 200, 0.960
2024-07-15 22:15:23, a4221463-fe05-4ceb-a640-02caa7acaf80, 200, 1.170
2024-07-17 16:26:26, aa5cdd70-f3d0-4653-ac0d-256d722b2e8a, 200, 1.889
2024-07-17 22:05:28, c0edc02f-760c-4191-abae-144dfcfe986e, 200, 1.537
2024-07-17 22:06:32, 9e2159a4-ae91-4508-af1d-ba3a6e982f01, 400, 0.803
2024-07-17 22:07:16, 24f7981b-d404-42cc-84aa-8241d738f5bf, 400, 2.464
2024-07-17 22:09:06, 3c50071c-81f4-472c-af3d-136fb208402e, 200, 0.754
2024-07-17 22:09:10, c072c3ff-776f-4f58-88f8-7b41fc89adc1, 200, 1.487
2024-07-17 22:14:17, 06dc9a9b-f0ac-474d-a9aa-87ec00eeb6b3, 200, 1.094
2024-07-17 22:14:26, dd605ed0-927d-4053-b3ff-6b68903cb520, 200, 0.982
2024-07-17 22:14:31, 8a1901ed-285f-4d50-8baf-b39c6a62b3ab, 200, 0.713
2024-07-17 22:14:34, 2ba00b7a-cb27-41ad-8969-398cd3cb7865, 200, 1.039
2024-07-17 22:14:37, a94c9e9c-a955-4b92-9456-740b7d65a0c1, 200, 0.801
2024-07-17 22:14:41, ce639935-a8fd-4ce6-9ac5-69ddfe7d276c, 200, 1.309
2024-07-17 22:14:44, 770ffe5b-10c3-4c96-aa95-0a2b5eec460d, 200, 1.377
2024-07-17 22:15:31, 9d1ef0ab-bce4-40a3-8061-6c8480a6eece, 200, 1.420
2024-07-17 22:15:34, 7fcd9737-95bd-49fb-a036-a77327a9c8df, 200, 1.700
2024-07-17 22:16:07, 9d1cdc49-0632-4cb8-88ea-6a941d47dd7e, 200, 1.858
